Workbook

Sheet Data
A1: Icono part.abiertas/comp. | B1: Asignación | C1: Nº documento | D1: División | E1: Clase de documento | F1: Fecha de documento | G1: Clave contabiliz. | H1: Importe en moneda local | I1: Moneda local | J1: Indicador impuestos | K1: Doc.compensación | L1: Nombre | M1: Fe.contabilización | N1: Documento compras | O1: Posición | P1: CONCATENA | Q1: Fecha de entrega | R1: Grupo de compras | S1: Proveedor/Centro suministrador | T1: OPERADOR OC
C2: 1900000618 | E2: GR | F2: 46283 | G2: 86 | H2: 402804.5 | I2: ARS | J2: C1 | L2: HELING S.A. | M2: 46283 | N2: 4500127116 | O2: 10 | P2: =_xlfn.CONCAT(N2:O2) -> 450012711610 | Q2: {=VLOOKUP(P2,Hoja1!C:F,{2,3,4},FALSE)} -> 46210 | R2: CGT | S2: 1000001583 HELING S.A. | T2: =VLOOKUP(P2,Hoja2!C:D,2,FALSE) -> WVENTURINI
C3: 1900000618 | E3: GR | F3: 46283 | G3: 86 | H3: 50094 | I3: ARS | J3: C1 | L3: HELING S.A. | M3: 46283 | N3: 4500114743 | O3: 320 | P3: =_xlfn.CONCAT(N3:O3) -> 4500114743320 | Q3: {=VLOOKUP(P3,Hoja1!C:F,{2,3,4},FALSE)} -> 46290 | R3: CGT | S3: 1000001583 HELING S.A. | T3: =VLOOKUP(P3,Hoja2!C:D,2,FALSE) -> EFUNES
C4: 1900000618 | E4: GR | F4: 46283 | G4: 86 | H4: 181130 | I4: ARS | J4: C1 | L4: HELING S.A. | M4: 46283 | N4: 4500114743 | O4: 330 | P4: =_xlfn.CONCAT(N4:O4) -> 4500114743330 | Q4: {=VLOOKUP(P4,Hoja1!C:F,{2,3,4},FALSE)} -> 46301 | R4: CGT | S4: 1000001583 HELING S.A. | T4: =VLOOKUP(P4,Hoja2!C:D,2,FALSE) -> EFUNES
C5: 5100000267 | E5: RE | F5: 46029 | G5: 86 | H5: 140530 | I5: ARS | J5: C1 | L5: HELING S.A. | M5: 46029 | N5: 4500114743 | O5: 10 | P5: =_xlfn.CONCAT(N5:O5) -> 450011474310 | Q5: {=VLOOKUP(P5,Hoja1!C:F,{2,3,4},FALSE)} -> 46290 | R5: CGT | S5: 1000001583 HELING S.A. | T5: =VLOOKUP(P5,Hoja2!C:D,2,FALSE) -> EFUNES
C6: 5100000296 | E6: RE | F6: 46037 | G6: 86 | H6: 4388722 | I6: ARS | J6: C1 | L6: HELING S.A. | M6: 46038 | N6: 4500114743 | O6: 40 | P6: =_xlfn.CONCAT(N6:O6) -> 450011474340 | Q6: {=VLOOKUP(P6,Hoja1!C:F,{2,3,4},FALSE)} -> 46290 | R6: CGT | S6: 1000001583 HELING S.A. | T6: =VLOOKUP(P6,Hoja2!C:D,2,FALSE) -> EFUNES
C7: 5100000296 | E7: RE | F7: 46037 | G7: 86 | H7: 1314105 | I7: ARS | J7: C1 | L7: HELING S.A. | M7: 46038 | N7: 4500114743 | O7: 270 | P7: =_xlfn.CONCAT(N7:O7) -> 4500114743270 | Q7: {=VLOOKUP(P7,Hoja1!C:F,{2,3,4},FALSE)} -> 46290 | R7: CGT | S7: 1000001583 HELING S.A. | T7: =VLOOKUP(P7,Hoja2!C:D,2,FALSE) -> EFUNES
C8: 5100000400 | E8: RE | F8: 46057 | G8: 86 | H8: 245000 | I8: ARS | J8: C1 | L8: ANTONIO B ATENOR E HIJOS S R L | M8: 46062 | N8: 4500117831 | O8: 10 | P8: =_xlfn.CONCAT(N8:O8) -> 450011783110 | Q8: {=VLOOKUP(P8,Hoja1!C:F,{2,3,4},FALSE)} -> 46056 | R8: C27 | S8: 1000007611 ANTONIO B ATENOR E HIJOS S R L | T8: =VLOOKUP(P8,Hoja2!C:D,2,FALSE) -> JESPARZA
C9: 5100000461 | E9: RE | F9: 46083 | G9: 86 | H9: 4104100 | I9: ARS | J9: C1 | L9: HELING S.A. | M9: 46083 | N9: 4500114743 | O9: 40 | P9: =_xlfn.CONCAT(N9:O9) -> 450011474340 | Q9: {=VLOOKUP(P9,Hoja1!C:F,{2,3,4},FALSE)} -> 46290 | R9: CGT | S9: 1000001583 HELING S.A. | T9: =VLOOKUP(P9,Hoja2!C:D,2,FALSE) -> EFUNES
C10: 5100000461 | E10: RE | F10: 46083 | G10: 86 | H10: 3693690 | I10: ARS | J10: C1 | L10: HELING S.A. | M10: 46083 | N10: 4500114743 | O10: 50 | P10: =_xlfn.CONCAT(N10:O10) -> 450011474350 | Q10: {=VLOOKUP(P10,Hoja1!C:F,{2,3,4},FALSE)} -> 46290 | R10: CGT | S10: 1000001583 HELING S.A. | T10: =VLOOKUP(P10,Hoja2!C:D,2,FALSE) -> EFUNES
C11: 5100000461 | E11: RE | F11: 46083 | G11: 86 | H11: 783640 | I11: ARS | J11: C1 | L11: HELING S.A. | M11: 46083 | N11: 4500114743 | O11: 30 | P11: =_xlfn.CONCAT(N11:O11) -> 450011474330 | Q11: {=VLOOKUP(P11,Hoja1!C:F,{2,3,4},FALSE)} -> 46290 | R11: CGT | S11: 1000001583 HELING S.A. | T11: =VLOOKUP(P11,Hoja2!C:D,2,FALSE) -> EFUNES
C12: 5100000461 | E12: RE | F12: 46083 | G12: 86 | H12: 1430 | I12: ARS | J12: C1 | L12: HELING S.A. | M12: 46083 | N12: 4500114743 | O12: 170 | P12: =_xlfn.CONCAT(N12:O12) -> 4500114743170 | Q12: {=VLOOKUP(P12,Hoja1!C:F,{2,3,4},FALSE)} -> 46290 | R12: CGT | S12: 1000001583 HELING S.A. | T12: =VLOOKUP(P12,Hoja2!C:D,2,FALSE) -> EFUNES
C13: 5100000461 | E13: RE | F13: 46083 | G13: 86 | H13: 42900 | I13: ARS | J13: C1 | L13: HELING S.A. | M13: 46083 | N13: 4500114743 | O13: 480 | P13: =_xlfn.CONCAT(N13:O13) -> 4500114743480 | Q13: {=VLOOKUP(P13,Hoja1!C:F,{2,3,4},FALSE)} -> 46290 | R13: CGT | S13: 1000001583 HELING S.A. | T13: =VLOOKUP(P13,Hoja2!C:D,2,FALSE) -> EFUNES
C14: 5100000461 | E14: RE | F14: 46083 | G14: 86 | H14: 1430 | I14: ARS | J14: C1 | L14: HELING S.A. | M14: 46083 | N14: 4500114743 | O14: 320 | P14: =_xlfn.CONCAT(N14:O14) -> 4500114743320 | Q14: {=VLOOKUP(P14,Hoja1!C:F,{2,3,4},FALSE)} -> 46290 | R14: CGT | S14: 1000001583 HELING S.A. | T14: =VLOOKUP(P14,Hoja2!C:D,2,FALSE) -> EFUNES
C15: 5100000636 | D15: 7000 | E15: RE | F15: 46038 | G15: 86 | H15: 85148.23 | I15: ARS | J15: C1 | L15: JACARANDA S.A. | M15: 46118 | N15: 4500109514 | O15: 10 | P15: =_xlfn.CONCAT(N15:O15) -> 450010951410 | Q15: {=VLOOKUP(P15,Hoja1!C:F,{2,3,4},FALSE)} -> 46162 | R15: C01 | S15: 1000008967 JACARANDA S.A. | T15: =VLOOKUP(P15,Hoja2!C:D,2,FALSE) -> MMOHR
C16: 5100000828 | E16: RE | F16: 46153 | G16: 86 | H16: 815080 | I16: ARS | J16: C1 | L16: HELING S.A. | M16: 46153 | N16: 4500127295 | O16: 20 | P16: =_xlfn.CONCAT(N16:O16) -> 450012729520 | Q16: {=VLOOKUP(P16,Hoja1!C:F,{2,3,4},FALSE)} -> 46301 | R16: CGT | S16: 1000001583 HELING S.A. | T16: =VLOOKUP(P16,Hoja2!C:D,2,FALSE) -> WVENTURINI
C17: 5100001133 | D17: 7000 | E17: RE | F17: 46149 | G17: 96 | H17: -350000 | I17: ARS | J17: C1 | L17: MARADONA PRADO ISABEL MARGARIT | M17: 46184 | N17: 4500126954 | O17: 10 | P17: =_xlfn.CONCAT(N17:O17) -> 450012695410 | Q17: {=VLOOKUP(P17,Hoja1!C:F,{2,3,4},FALSE)} -> 46169 | R17: C01 | S17: 1000001560 MARADONA PRADO ISABEL MARGARIT | T17: =VLOOKUP(P17,Hoja2!C:D,2,FALSE) -> AZAPANA
C18: 5100001133 | D18: 7000 | E18: RE | F18: 46149 | G18: 96 | H18: -560000 | I18: ARS | J18: C1 | L18: MARADONA PRADO ISABEL MARGARIT | M18: 46184 | N18: 4500126954 | O18: 20 | P18: =_xlfn.CONCAT(N18:O18) -> 450012695420 | Q18: {=VLOOKUP(P18,Hoja1!C:F,{2,3,4},FALSE)} -> 46169 | R18: C01 | S18: 1000001560 MARADONA PRADO ISABEL MARGARIT | T18: =VLOOKUP(P18,Hoja2!C:D,2,FALSE) -> AZAPANA
C19: 5100001148 | D19: 7000 | E19: RE | F19: 46205 | G19: 86 | H19: 411800 | I19: ARS | J19: C2 | L19: PRODUCTOS SERVICIOS Y DISTRIBUCIONE | M19: 46209 | N19: 4500123262 | O19: 10 | P19: =_xlfn.CONCAT(N19:O19) -> 450012326210 | Q19: {=VLOOKUP(P19,Hoja1!C:F,{2,3,4},FALSE)} -> 46233 | R19: C25 | S19: 1000012132 PRODUCTOS SERVICIOS Y DISTRIBUCIONE | T19: =VLOOKUP(P19,Hoja2!C:D,2,FALSE) -> MPITTIA
C20: 5100001289 | D20: 7000 | E20: RE | F20: 46219 | G20: 86 | H20: 118860 | I20: ARS | J20: C1 | L20: JACARANDA S.A. | M20: 46232 | N20: 4500123036 | O20: 10 | P20: =_xlfn.CONCAT(N20:O20) -> 450012303610 | Q20: {=VLOOKUP(P20,Hoja1!C:F,{2,3,4},FALSE)} -> 46282 | R20: C01 | S20: 1000008967 JACARANDA S.A. | T20: =VLOOKUP(P20,Hoja2!C:D,2,FALSE) -> GLUNA
C21: 5100001479 | D21: 7000 | E21: RE | F21: 46266 | G21: 86 | H21: 1582519.7 | I21: ARS | J21: C2 | L21: TRANSPORTE TMS S. A. S. | M21: 46273 | N21: 4500137227 | O21: 10 | P21: =_xlfn.CONCAT(N21:O21) -> 450013722710 | Q21: {=VLOOKUP(P21,Hoja1!C:F,{2,3,4},FALSE)} -> 46325 | R21: C25 | S21: 1000012097 TRANSPORTE TMS S. A. S. | T21: =VLOOKUP(P21,Hoja2!C:D,2,FALSE) -> MPITTIA
C22: 5100001520 | D22: 7000 | E22: RE | F22: 46265 | G22: 86 | H22: 19810 | I22: ARS | J22: C1 | L22: JACARANDA S.A. | M22: 46286 | N22: 4500123036 | O22: 10 | P22: =_xlfn.CONCAT(N22:O22) -> 450012303610 | Q22: {=VLOOKUP(P22,Hoja1!C:F,{2,3,4},FALSE)} -> 46282 | R22: C01 | S22: 1000008967 JACARANDA S.A. | T22: =VLOOKUP(P22,Hoja2!C:D,2,FALSE) -> GLUNA
C23: 5100001614 | E23: RE | F23: 46275 | G23: 96 | H23: -126446.84 | I23: ARS | J23: C1 | L23: SALLAGO FEDERICO MIGUEL | M23: 46287 | N23: 4500138923 | O23: 10 | P23: =_xlfn.CONCAT(N23:O23) -> 450013892310 | Q23: {=VLOOKUP(P23,Hoja1!C:F,{2,3,4},FALSE)} -> 46303 | R23: C01 | S23: 1000011519 SALLAGO FEDERICO MIGUEL | T23: =VLOOKUP(P23,Hoja2!C:D,2,FALSE) -> AZAPANA
C24: 5100001614 | E24: RE | F24: 46275 | G24: 96 | H24: -126446.84 | I24: ARS | J24: C1 | L24: SALLAGO FEDERICO MIGUEL | M24: 46287 | N24: 4500138923 | O24: 20 | P24: =_xlfn.CONCAT(N24:O24) -> 450013892320 | Q24: {=VLOOKUP(P24,Hoja1!C:F,{2,3,4},FALSE)} -> 46303 | R24: C01 | S24: 1000011519 SALLAGO FEDERICO MIGUEL | T24: =VLOOKUP(P24,Hoja2!C:D,2,FALSE) -> AZAPANA
C25: 5100001614 | E25: RE | F25: 46275 | G25: 96 | H25: -252893.68 | I25: ARS | J25: C1 | L25: SALLAGO FEDERICO MIGUEL | M25: 46287 | N25: 4500138923 | O25: 30 | P25: =_xlfn.CONCAT(N25:O25) -> 450013892330 | Q25: {=VLOOKUP(P25,Hoja1!C:F,{2,3,4},FALSE)} -> 46303 | R25: C01 | S25: 1000011519 SALLAGO FEDERICO MIGUEL | T25: =VLOOKUP(P25,Hoja2!C:D,2,FALSE) -> AZAPANA
C26: 5100001614 | E26: RE | F26: 46275 | G26: 96 | H26: -126446.84 | I26: ARS | J26: C1 | L26: SALLAGO FEDERICO MIGUEL | M26: 46287 | N26: 4500138923 | O26: 40 | P26: =_xlfn.CONCAT(N26:O26) -> 450013892340 | Q26: {=VLOOKUP(P26,Hoja1!C:F,{2,3,4},FALSE)} -> 46303 | R26: C01 | S26: 1000011519 SALLAGO FEDERICO MIGUEL | T26: =VLOOKUP(P26,Hoja2!C:D,2,FALSE) -> AZAPANA
C27: 5100001614 | E27: RE | F27: 46275 | G27: 96 | H27: -126446.84 | I27: ARS | J27: C1 | L27: SALLAGO FEDERICO MIGUEL | M27: 46287 | N27: 4500138923 | O27: 50 | P27: =_xlfn.CONCAT(N27:O27) -> 450013892350 | Q27: {=VLOOKUP(P27,Hoja1!C:F,{2,3,4},FALSE)} -> 46303 | R27: C01 | S27: 1000011519 SALLAGO FEDERICO MIGUEL | T27: =VLOOKUP(P27,Hoja2!C:D,2,FALSE) -> AZAPANA
C28: 5100001614 | E28: RE | F28: 46275 | G28: 96 | H28: -252893.68 | I28: ARS | J28: C1 | L28: SALLAGO FEDERICO MIGUEL | M28: 46287 | N28: 4500138923 | O28: 60 | P28: =_xlfn.CONCAT(N28:O28) -> 450013892360 | Q28: {=VLOOKUP(P28,Hoja1!C:F,{2,3,4},FALSE)} -> 46303 | R28: C01 | S28: 1000011519 SALLAGO FEDERICO MIGUEL | T28: =VLOOKUP(P28,Hoja2!C:D,2,FALSE) -> AZAPANA
C29: 5100001614 | E29: RE | F29: 46275 | G29: 96 | H29: -505787.36 | I29: ARS | J29: C1 | L29: SALLAGO FEDERICO MIGUEL | M29: 46287 | N29: 4500138923 | O29: 70 | P29: =_xlfn.CONCAT(N29:O29) -> 450013892370 | Q29: {=VLOOKUP(P29,Hoja1!C:F,{2,3,4},FALSE)} -> 46303 | R29: C01 | S29: 1000011519 SALLAGO FEDERICO MIGUEL | T29: =VLOOKUP(P29,Hoja2!C:D,2,FALSE) -> AZAPANA
C30: 5100001616 | D30: 7000 | E30: RE | F30: 46297 | G30: 86 | H30: 2570547.8 | I30: ARS | J30: C2 | L30: TRANSPORTE TMS S. A. S. | M30: 46304 | N30: 4500137227 | O30: 10 | P30: =_xlfn.CONCAT(N30:O30) -> 450013722710 | Q30: {=VLOOKUP(P30,Hoja1!C:F,{2,3,4},FALSE)} -> 46325 | R30: C25 | S30: 1000012097 TRANSPORTE TMS S. A. S. | T30: =VLOOKUP(P30,Hoja2!C:D,2,FALSE) -> MPITTIA
C31: 5100001637 | E31: RE | F31: 46309 | G31: 86 | H31: 57851.24 | I31: ARS | J31: C1 | L31: JUAN ANTONIO GUZMAN E HIJOS SRL | M31: 46310 | N31: 4500134628 | O31: 10 | P31: =_xlfn.CONCAT(N31:O31) -> 450013462810 | Q31: {=VLOOKUP(P31,Hoja1!C:F,{2,3,4},FALSE)} -> 46314 | R31: C01 | S31: 1000013440 JUAN ANTONIO GUZMAN E HIJOS SRL | T31: =VLOOKUP(P31,Hoja2!C:D,2,FALSE) -> AZAPANA
C32: 5000000446 | D32: 7000 | E32: WE | F32: 45937 | G32: 96 | H32: -35000 | I32: ARS | L32: BOLLINI S.A | M32: 45937 | N32: 4500109841 | O32: 10 | P32: =_xlfn.CONCAT(N32:O32) -> 450010984110 | Q32: {=VLOOKUP(P32,Hoja1!C:F,{2,3,4},FALSE)} -> 45940 | R32: C27 | S32: 1000000295 BOLLINI S.A | T32: =VLOOKUP(P32,Hoja2!C:D,2,FALSE) -> JESPARZA
C33: 5000000446 | D33: 7000 | E33: WE | F33: 45937 | G33: 96 | H33: -46280.96 | I33: ARS | L33: BOLLINI S.A | M33: 45937 | N33: 4500109841 | O33: 20 | P33: =_xlfn.CONCAT(N33:O33) -> 450010984120 | Q33: {=VLOOKUP(P33,Hoja1!C:F,{2,3,4},FALSE)} -> 45940 | R33: C27 | S33: 1000000295 BOLLINI S.A | T33: =VLOOKUP(P33,Hoja2!C:D,2,FALSE) -> JESPARZA
C34: 5000000446 | D34: 7000 | E34: WE | F34: 45937 | G34: 96 | H34: -1983.6 | I34: ARS | L34: BOLLINI S.A | M34: 45937 | N34: 4500109841 | O34: 30 | P34: =_xlfn.CONCAT(N34:O34) -> 450010984130 | Q34: {=VLOOKUP(P34,Hoja1!C:F,{2,3,4},FALSE)} -> 45940 | R34: C27 | S34: 1000000295 BOLLINI S.A | T34: =VLOOKUP(P34,Hoja2!C:D,2,FALSE) -> JESPARZA
C35: 5000000641 | E35: WE | F35: 46093 | G35: 96 | H35: -3821769.9 | I35: ARS | L35: HELING S.A. | M35: 46093 | N35: 4500114743 | O35: 40 | P35: =_xlfn.CONCAT(N35:O35) -> 450011474340 | Q35: {=VLOOKUP(P35,Hoja1!C:F,{2,3,4},FALSE)} -> 46290 | R35: CGT | S35: 1000001583 HELING S.A. | T35: =VLOOKUP(P35,Hoja2!C:D,2,FALSE) -> EFUNES
C36: 5000000641 | E36: WE | F36: 46093 | G36: 96 | H36: -2872870 | I36: ARS | L36: HELING S.A. | M36: 46093 | N36: 4500114743 | O36: 50 | P36: =_xlfn.CONCAT(N36:O36) -> 450011474350 | Q36: {=VLOOKUP(P36,Hoja1!C:F,{2,3,4},FALSE)} -> 46290 | R36: CGT | S36: 1000001583 HELING S.A. | T36: =VLOOKUP(P36,Hoja2!C:D,2,FALSE) -> EFUNES
C37: 5000000641 | E37: WE | F37: 46093 | G37: 96 | H37: -41745 | I37: ARS | L37: HELING S.A. | M37: 46093 | N37: 4500114743 | O37: 60 | P37: =_xlfn.CONCAT(N37:O37) -> 450011474360 | Q37: {=VLOOKUP(P37,Hoja1!C:F,{2,3,4},FALSE)} -> 46290 | R37: CGT | S37: 1000001583 HELING S.A. | T37: =VLOOKUP(P37,Hoja2!C:D,2,FALSE) -> EFUNES
C38: 5000000641 | E38: WE | F38: 46093 | G38: 96 | H38: -13953.5 | I38: ARS | L38: HELING S.A. | M38: 46093 | N38: 4500114743 | O38: 170 | P38: =_xlfn.CONCAT(N38:O38) -> 4500114743170 | Q38: {=VLOOKUP(P38,Hoja1!C:F,{2,3,4},FALSE)} -> 46290 | R38: CGT | S38: 1000001583 HELING S.A. | T38: =VLOOKUP(P38,Hoja2!C:D,2,FALSE) -> EFUNES
C39: 5000000641 | E39: WE | F39: 46093 | G39: 96 | H39: -114141.5 | I39: ARS | L39: HELING S.A. | M39: 46093 | N39: 4500114743 | O39: 320 | P39: =_xlfn.CONCAT(N39:O39) -> 4500114743320 | Q39: {=VLOOKUP(P39,Hoja1!C:F,{2,3,4},FALSE)} -> 46290 | R39: CGT | S39: 1000001583 HELING S.A. | T39: =VLOOKUP(P39,Hoja2!C:D,2,FALSE) -> EFUNES
C40: 5000000684 | D40: 7000 | E40: WE | F40: 46100 | G40: 96 | H40: -59456.97 | I40: ARS | L40: JACARANDA S.A. | M40: 46100 | N40: 4500109514 | O40: 10 | P40: =_xlfn.CONCAT(N40:O40) -> 450010951410 | Q40: {=VLOOKUP(P40,Hoja1!C:F,{2,3,4},FALSE)} -> 46162 | R40: C01 | S40: 1000008967 JACARANDA S.A. | T40: =VLOOKUP(P40,Hoja2!C:D,2,FALSE) -> MMOHR
C41: 5000000762 | D41: 7000 | E41: WE | F41: 46117 | G41: 96 | H41: -13621.57 | I41: ARS | L41: JACARANDA S.A. | M41: 46117 | N41: 4500109514 | O41: 10 | P41: =_xlfn.CONCAT(N41:O41) -> 450010951410 | Q41: {=VLOOKUP(P41,Hoja1!C:F,{2,3,4},FALSE)} -> 46162 | R41: C01 | S41: 1000008967 JACARANDA S.A. | T41: =VLOOKUP(P41,Hoja2!C:D,2,FALSE) -> MMOHR
C42: 5000000763 | D42: 7000 | E42: WE | F42: 46117 | G42: 96 | H42: -97855.46 | I42: ARS | L42: JACARANDA S.A. | M42: 46117 | N42: 4500123036 | O42: 10 | P42: =_xlfn.CONCAT(N42:O42) -> 450012303610 | Q42: {=VLOOKUP(P42,Hoja1!C:F,{2,3,4},FALSE)} -> 46282 | R42: C01 | S42: 1000008967 JACARANDA S.A. | T42: =VLOOKUP(P42,Hoja2!C:D,2,FALSE) -> GLUNA
C43: 5000001070 | E43: WE | F43: 46160 | G43: 96 | H43: -65447.5 | I43: ARS | L43: FINNING ARGENTINA S.A. | M43: 46161 | N43: 4500126872 | O43: 10 | P43: =_xlfn.CONCAT(N43:O43) -> 450012687210 | Q43: {=VLOOKUP(P43,Hoja1!C:F,{2,3,4},FALSE)} -> 46167 | R43: C03 | S43: 1000000062 FINNING ARGENTINA S.A. | T43: =VLOOKUP(P43,Hoja2!C:D,2,FALSE) -> RPEREZ
C44: 5000001120 | D44: 7000 | E44: WE | F44: 46171 | G44: 96 | H44: -57851.3 | I44: ARS | L44: ZAMBRANA SAMUEL | M44: 46171 | N44: 4500113920 | O44: 10 | P44: =_xlfn.CONCAT(N44:O44) -> 450011392010 | Q44: {=VLOOKUP(P44,Hoja1!C:F,{2,3,4},FALSE)} -> 46325 | R44: C25 | S44: 1000012293 ZAMBRANA SAMUEL | T44: =VLOOKUP(P44,Hoja2!C:D,2,FALSE) -> MPITTIA
C45: 5000001126 | E45: WE | F45: 46169 | G45: 96 | H45: -805609 | I45: ARS | L45: HELING S.A. | M45: 46173 | N45: 4500127116 | O45: 10 | P45: =_xlfn.CONCAT(N45:O45) -> 450012711610 | Q45: {=VLOOKUP(P45,Hoja1!C:F,{2,3,4},FALSE)} -> 46210 | R45: CGT | S45: 1000001583 HELING S.A. | T45: =VLOOKUP(P45,Hoja2!C:D,2,FALSE) -> WVENTURINI
C46: 5000001132 | E46: WE | F46: 46174 | G46: 96 | H46: -512862.99 | I46: ARS | L46: FINNING ARGENTINA S.A. | M46: 46175 | N46: 4500126872 | O46: 20 | P46: =_xlfn.CONCAT(N46:O46) -> 450012687220 | Q46: {=VLOOKUP(P46,Hoja1!C:F,{2,3,4},FALSE)} -> 46178 | R46: C03 | S46: 1000000062 FINNING ARGENTINA S.A. | T46: =VLOOKUP(P46,Hoja2!C:D,2,FALSE) -> RPEREZ
C47: 5000001174 | D47: 7000 | E47: WE | F47: 46181 | G47: 96 | H47: -59504 | I47: ARS | L47: QUANTUM S.R.L. | M47: 46181 | N47: 4500129674 | O47: 10 | P47: =_xlfn.CONCAT(N47:O47) -> 450012967410 | Q47: {=VLOOKUP(P47,Hoja1!C:F,{2,3,4},FALSE)} -> 46198 | R47: C01 | S47: 1000010146 QUANTUM S.R.L. | T47: =VLOOKUP(P47,Hoja2!C:D,2,FALSE) -> AZAPANA
C48: 5000001231 | D48: 7000 | E48: WE | F48: 46193 | G48: 96 | H48: -516528.95 | I48: ARS | L48: PLANTA REVESA SRL | M48: 46193 | N48: 4500129754 | O48: 10 | P48: =_xlfn.CONCAT(N48:O48) -> 450012975410 | Q48: {=VLOOKUP(P48,Hoja1!C:F,{2,3,4},FALSE)} -> 46264 | R48: C01 | S48: 1000008707 PLANTA REVESA SRL | T48: =VLOOKUP(P48,Hoja2!C:D,2,FALSE) -> AZAPANA
C49: 5000001272 | D49: 7000 | E49: WE | F49: 46200 | G49: 96 | H49: -206611.58 | I49: ARS | L49: PLANTA REVESA SRL | M49: 46200 | N49: 4500129754 | O49: 10 | P49: =_xlfn.CONCAT(N49:O49) -> 450012975410 | Q49: {=VLOOKUP(P49,Hoja1!C:F,{2,3,4},FALSE)} -> 46264 | R49: C01 | S49: 1000008707 PLANTA REVESA SRL | T49: =VLOOKUP(P49,Hoja2!C:D,2,FALSE) -> AZAPANA
C50: 5000001301 | E50: WE | F50: 46205 | G50: 96 | H50: -107438.02 | I50: ARS | L50: NSA ECO SRL | M50: 46205 | N50: 4500131807 | O50: 10 | P50: =_xlfn.CONCAT(N50:O50) -> 450013180710 | Q50: {=VLOOKUP(P50,Hoja1!C:F,{2,3,4},FALSE)} -> 46224 | R50: C01 | S50: 1000003790 NSA ECO SRL | T50: =VLOOKUP(P50,Hoja2!C:D,2,FALSE) -> AZAPANA
C51: 5000001322 | D51: 7000 | E51: WE | F51: 46206 | G51: 96 | H51: -655400 | I51: ARS | L51: PRODUCTOS SERVICIOS Y DISTRIBUCIONE | M51: 46206 | N51: 4500123262 | O51: 10 | P51: =_xlfn.CONCAT(N51:O51) -> 450012326210 | Q51: {=VLOOKUP(P51,Hoja1!C:F,{2,3,4},FALSE)} -> 46233 | R51: C25 | S51: 1000012132 PRODUCTOS SERVICIOS Y DISTRIBUCIONE | T51: =VLOOKUP(P51,Hoja2!C:D,2,FALSE) -> MPITTIA
C52: 5000001443 | D52: 7000 | E52: WE | F52: 46227 | G52: 96 | H52: -103305.79 | I52: ARS | L52: PLANTA REVESA SRL | M52: 46227 | N52: 4500129754 | O52: 10 | P52: =_xlfn.CONCAT(N52:O52) -> 450012975410 | Q52: {=VLOOKUP(P52,Hoja1!C:F,{2,3,4},FALSE)} -> 46264 | R52: C01 | S52: 1000008707 PLANTA REVESA SRL | T52: =VLOOKUP(P52,Hoja2!C:D,2,FALSE) -> AZAPANA
C53: 5000001452 | E53: WE | F53: 46231 | G53: 96 | H53: -144000 | I53: ARS | L53: ANTONIO B ATENOR E HIJOS S R L | M53: 46231 | N53: 4500133814 | O53: 30 | P53: =_xlfn.CONCAT(N53:O53) -> 450013381430 | Q53: {=VLOOKUP(P53,Hoja1!C:F,{2,3,4},FALSE)} -> 46237 | R53: C01 | S53: 1000007611 ANTONIO B ATENOR E HIJOS S R L | T53: =VLOOKUP(P53,Hoja2!C:D,2,FALSE) -> AZAPANA
C54: 5000001452 | E54: WE | F54: 46231 | G54: 96 | H54: -144000 | I54: ARS | L54: ANTONIO B ATENOR E HIJOS S R L | M54: 46231 | N54: 4500133814 | O54: 40 | P54: =_xlfn.CONCAT(N54:O54) -> 450013381440 | Q54: {=VLOOKUP(P54,Hoja1!C:F,{2,3,4},FALSE)} -> 46237 | R54: C01 | S54: 1000007611 ANTONIO B ATENOR E HIJOS S R L | T54: =VLOOKUP(P54,Hoja2!C:D,2,FALSE) -> AZAPANA
C55: 5000001456 | D55: 7000 | E55: WE | F55: 46231 | G55: 96 | H55: -8264.4 | I55: ARS | L55: ZAMBRANA SAMUEL | M55: 46231 | N55: 4500134022 | O55: 10 | P55: =_xlfn.CONCAT(N55:O55) -> 450013402210 | Q55: {=VLOOKUP(P55,Hoja1!C:F,{2,3,4},FALSE)} -> 46325 | R55: C25 | S55: 1000012293 ZAMBRANA SAMUEL | T55: =VLOOKUP(P55,Hoja2!C:D,2,FALSE) -> ALOPEZ
C56: 5000001460 | D56: 7000 | E56: WE | F56: 46232 | G56: 96 | H56: -139860.58 | I56: ARS | L56: JACARANDA S.A. | M56: 46232 | N56: 4500123036 | O56: 10 | P56: =_xlfn.CONCAT(N56:O56) -> 450012303610 | Q56: {=VLOOKUP(P56,Hoja1!C:F,{2,3,4},FALSE)} -> 46282 | R56: C01 | S56: 1000008967 JACARANDA S.A. | T56: =VLOOKUP(P56,Hoja2!C:D,2,FALSE) -> GLUNA
C57: 5000001466 | D57: 7000 | E57: WE | F57: 46232 | G57: 96 | H57: -28925.65 | I57: ARS | L57: ZAMBRANA SAMUEL | M57: 46232 | N57: 4500113920 | O57: 10 | P57: =_xlfn.CONCAT(N57:O57) -> 450011392010 | Q57: {=VLOOKUP(P57,Hoja1!C:F,{2,3,4},FALSE)} -> 46325 | R57: C25 | S57: 1000012293 ZAMBRANA SAMUEL | T57: =VLOOKUP(P57,Hoja2!C:D,2,FALSE) -> MPITTIA
C58: 5000001490 | D58: 7000 | E58: WE | F58: 46237 | G58: 96 | H58: -18181.8 | I58: ARS | L58: GASOL S.R.L. | M58: 46237 | N58: 4500129890 | O58: 10 | P58: =_xlfn.CONCAT(N58:O58) -> 450012989010 | Q58: {=VLOOKUP(P58,Hoja1!C:F,{2,3,4},FALSE)} -> 46252 | R58: C01 | S58: 1000007890 GASOL S.R.L. | T58: =VLOOKUP(P58,Hoja2!C:D,2,FALSE) -> AZAPANA
C59: 5000001492 | E59: WE | F59: 46237 | G59: 96 | H59: -107641.63 | I59: ARS | L59: AUTOLUX SA | M59: 46237 | N59: 4500133709 | O59: 10 | P59: =_xlfn.CONCAT(N59:O59) -> 450013370910 | Q59: {=VLOOKUP(P59,Hoja1!C:F,{2,3,4},FALSE)} -> 46247 | R59: C01 | S59: 1000000566 AUTOLUX SA | T59: =VLOOKUP(P59,Hoja2!C:D,2,FALSE) -> AZAPANA
C60: 5000001492 | E60: WE | F60: 46237 | G60: 96 | H60: -74991.19 | I60: ARS | L60: AUTOLUX SA | M60: 46237 | N60: 4500133709 | O60: 20 | P60: =_xlfn.CONCAT(N60:O60) -> 450013370920 | Q60: {=VLOOKUP(P60,Hoja1!C:F,{2,3,4},FALSE)} -> 46247 | R60: C01 | S60: 1000000566 AUTOLUX SA | T60: =VLOOKUP(P60,Hoja2!C:D,2,FALSE) -> AZAPANA
C61: 5000001493 | D61: 7000 | E61: WE | F61: 46238 | G61: 96 | H61: -9044537.6 | I61: ARS | L61: PRODUCTOS SERVICIOS Y DISTRIBUCIONE | M61: 46238 | N61: 4500128533 | O61: 10 | P61: =_xlfn.CONCAT(N61:O61) -> 450012853310 | Q61: {=VLOOKUP(P61,Hoja1!C:F,{2,3,4},FALSE)} -> 46326 | R61: C25 | S61: 1000012132 PRODUCTOS SERVICIOS Y DISTRIBUCIONE | T61: =VLOOKUP(P61,Hoja2!C:D,2,FALSE) -> MPITTIA
C62: 5000001565 | D62: 7000 | E62: WE | F62: 46252 | G62: 96 | H62: -9090.9 | I62: ARS | L62: GASOL S.R.L. | M62: 46252 | N62: 4500129890 | O62: 10 | P62: =_xlfn.CONCAT(N62:O62) -> 450012989010 | Q62: {=VLOOKUP(P62,Hoja1!C:F,{2,3,4},FALSE)} -> 46252 | R62: C01 | S62: 1000007890 GASOL S.R.L. | T62: =VLOOKUP(P62,Hoja2!C:D,2,FALSE) -> AZAPANA
C63: 5000001568 | E63: WE | F63: 46253 | G63: 96 | H63: -149400 | I63: ARS | L63: ANTONIO B ATENOR E HIJOS S R L | M63: 46253 | N63: 4500130750 | O63: 60 | P63: =_xlfn.CONCAT(N63:O63) -> 450013075060 | Q63: {=VLOOKUP(P63,Hoja1!C:F,{2,3,4},FALSE)} -> 46258 | R63: C01 | S63: 1000007611 ANTONIO B ATENOR E HIJOS S R L | T63: =VLOOKUP(P63,Hoja2!C:D,2,FALSE) -> AZAPANA
C64: 5000001581 | E64: WE | F64: 46256 | G64: 96 | H64: -1152805.9 | I64: ARS | L64: BLEXA S. A. | M64: 46256 | N64: 4500135669 | O64: 20 | P64: =_xlfn.CONCAT(N64:O64) -> 450013566920 | Q64: {=VLOOKUP(P64,Hoja1!C:F,{2,3,4},FALSE)} -> 46270 | R64: L01 | S64: 1000012974 BLEXA S. A. | T64: =VLOOKUP(P64,Hoja2!C:D,2,FALSE) -> FBERARDO
C65: 5000001587 | E65: WE | F65: 46259 | G65: 96 | H65: -13419 | I65: ARS | L65: HERSAPEL SOCIEDAD DE RESPONSABILIDA | M65: 46259 | N65: 4500136426 | O65: 10 | P65: =_xlfn.CONCAT(N65:O65) -> 450013642610 | Q65: {=VLOOKUP(P65,Hoja1!C:F,{2,3,4},FALSE)} -> 46276 | R65: C01 | S65: 1000007766 HERSAPEL SOCIEDAD DE RESPONSABILIDA | T65: =VLOOKUP(P65,Hoja2!C:D,2,FALSE) -> AZAPANA
C66: 5000001587 | D66: 7000 | E66: WE | F66: 46259 | G66: 96 | H66: -35525 | I66: ARS | L66: HERSAPEL SOCIEDAD DE RESPONSABILIDA | M66: 46259 | N66: 4500136426 | O66: 40 | P66: =_xlfn.CONCAT(N66:O66) -> 450013642640 | Q66: {=VLOOKUP(P66,Hoja1!C:F,{2,3,4},FALSE)} -> 46276 | R66: C01 | S66: 1000007766 HERSAPEL SOCIEDAD DE RESPONSABILIDA | T66: =VLOOKUP(P66,Hoja2!C:D,2,FALSE) -> AZAPANA
C67: 5000001587 | D67: 7000 | E67: WE | F67: 46259 | G67: 96 | H67: -4773.1 | I67: ARS | L67: HERSAPEL SOCIEDAD DE RESPONSABILIDA | M67: 46259 | N67: 4500136426 | O67: 50 | P67: =_xlfn.CONCAT(N67:O67) -> 450013642650 | Q67: {=VLOOKUP(P67,Hoja1!C:F,{2,3,4},FALSE)} -> 46276 | R67: C01 | S67: 1000007766 HERSAPEL SOCIEDAD DE RESPONSABILIDA | T67: =VLOOKUP(P67,Hoja2!C:D,2,FALSE) -> AZAPANA
C68: 5000001592 | E68: WE | F68: 46260 | G68: 96 | H68: -123638.4 | I68: ARS | L68: FLORES CARLOS FELIPE Y OTROS S H | M68: 46260 | N68: 4500136544 | O68: 10 | P68: =_xlfn.CONCAT(N68:O68) -> 450013654410 | Q68: {=VLOOKUP(P68,Hoja1!C:F,{2,3,4},FALSE)} -> 46277 | R68: C01 | S68: 1000007451 FLORES CARLOS FELIPE Y OTROS S H | T68: =VLOOKUP(P68,Hoja2!C:D,2,FALSE) -> AZAPANA
C69: 5000001592 | E69: WE | F69: 46260 | G69: 96 | H69: -73126.8 | I69: ARS | L69: FLORES CARLOS FELIPE Y OTROS S H | M69: 46260 | N69: 4500136544 | O69: 20 | P69: =_xlfn.CONCAT(N69:O69) -> 450013654420 | Q69: {=VLOOKUP(P69,Hoja1!C:F,{2,3,4},FALSE)} -> 46277 | R69: C01 | S69: 1000007451 FLORES CARLOS FELIPE Y OTROS S H | T69: =VLOOKUP(P69,Hoja2!C:D,2,FALSE) -> AZAPANA
C70: 5000001592 | E70: WE | F70: 46260 | G70: 96 | H70: -16634.46 | I70: ARS | L70: FLORES CARLOS FELIPE Y OTROS S H | M70: 46260 | N70: 4500136544 | O70: 30 | P70: =_xlfn.CONCAT(N70:O70) -> 450013654430 | Q70: {=VLOOKUP(P70,Hoja1!C:F,{2,3,4},FALSE)} -> 46277 | R70: C01 | S70: 1000007451 FLORES CARLOS FELIPE Y OTROS S H | T70: =VLOOKUP(P70,Hoja2!C:D,2,FALSE) -> AZAPANA
C71: 5000001592 | E71: WE | F71: 46260 | G71: 96 | H71: -46089.2 | I71: ARS | L71: FLORES CARLOS FELIPE Y OTROS S H | M71: 46260 | N71: 4500136544 | O71: 40 | P71: =_xlfn.CONCAT(N71:O71) -> 450013654440 | Q71: {=VLOOKUP(P71,Hoja1!C:F,{2,3,4},FALSE)} -> 46277 | R71: C01 | S71: 1000007451 FLORES CARLOS FELIPE Y OTROS S H | T71: =VLOOKUP(P71,Hoja2!C:D,2,FALSE) -> AZAPANA
C72: 5000001592 | D72: 7000 | E72: WE | F72: 46260 | G72: 96 | H72: -35067.08 | I72: ARS | L72: FLORES CARLOS FELIPE Y OTROS S H | M72: 46260 | N72: 4500136544 | O72: 50 | P72: =_xlfn.CONCAT(N72:O72) -> 450013654450 | Q72: {=VLOOKUP(P72,Hoja1!C:F,{2,3,4},FALSE)} -> 46277 | R72: C01 | S72: 1000007451 FLORES CARLOS FELIPE Y OTROS S H | T72: =VLOOKUP(P72,Hoja2!C:D,2,FALSE) -> AZAPANA
C73: 5000001592 | E73: WE | F73: 46260 | G73: 96 | H73: -103832.54 | I73: ARS | L73: FLORES CARLOS FELIPE Y OTROS S H | M73: 46260 | N73: 4500136544 | O73: 60 | P73: =_xlfn.CONCAT(N73:O73) -> 450013654460 | Q73: {=VLOOKUP(P73,Hoja1!C:F,{2,3,4},FALSE)} -> 46277 | R73: C01 | S73: 1000007451 FLORES CARLOS FELIPE Y OTROS S H | T73: =VLOOKUP(P73,Hoja2!C:D,2,FALSE) -> AZAPANA
C74: 5000001592 | E74: WE | F74: 46260 | G74: 96 | H74: -245730 | I74: ARS | L74: FLORES CARLOS FELIPE Y OTROS S H | M74: 46260 | N74: 4500136544 | O74: 80 | P74: =_xlfn.CONCAT(N74:O74) -> 450013654480 | Q74: {=VLOOKUP(P74,Hoja1!C:F,{2,3,4},FALSE)} -> 46277 | R74: C01 | S74: 1000007451 FLORES CARLOS FELIPE Y OTROS S H | T74: =VLOOKUP(P74,Hoja2!C:D,2,FALSE) -> AZAPANA
C75: 5000001592 | E75: WE | F75: 46260 | G75: 96 | H75: -98351.2 | I75: ARS | L75: FLORES CARLOS FELIPE Y OTROS S H | M75: 46260 | N75: 4500136544 | O75: 110 | P75: =_xlfn.CONCAT(N75:O75) -> 4500136544110 | Q75: {=VLOOKUP(P75,Hoja1!C:F,{2,3,4},FALSE)} -> 46277 | R75: C01 | S75: 1000007451 FLORES CARLOS FELIPE Y OTROS S H | T75: =VLOOKUP(P75,Hoja2!C:D,2,FALSE) -> AZAPANA
C76: 5000001592 | E76: WE | F76: 46260 | G76: 96 | H76: -70134.16 | I76: ARS | L76: FLORES CARLOS FELIPE Y OTROS S H | M76: 46260 | N76: 4500136544 | O76: 170 | P76: =_xlfn.CONCAT(N76:O76) -> 4500136544170 | Q76: {=VLOOKUP(P76,Hoja1!C:F,{2,3,4},FALSE)} -> 46277 | R76: C01 | S76: 1000007451 FLORES CARLOS FELIPE Y OTROS S H | T76: =VLOOKUP(P76,Hoja2!C:D,2,FALSE) -> AZAPANA
C77: 5000001609 | E77: WE | F77: 46263 | G77: 96 | H77: -15895 | I77: ARS | L77: BOLLINI S.A | M77: 46263 | N77: 4500137046 | O77: 10 | P77: =_xlfn.CONCAT(N77:O77) -> 450013704610 | Q77: {=VLOOKUP(P77,Hoja1!C:F,{2,3,4},FALSE)} -> 46281 | R77: C01 | S77: 1000000295 BOLLINI S.A | T77: =VLOOKUP(P77,Hoja2!C:D,2,FALSE) -> AZAPANA
C78: 5000001609 | E78: WE | F78: 46263 | G78: 96 | H78: -9265 | I78: ARS | L78: BOLLINI S.A | M78: 46263 | N78: 4500137046 | O78: 20 | P78: =_xlfn.CONCAT(N78:O78) -> 450013704620 | Q78: {=VLOOKUP(P78,Hoja1!C:F,{2,3,4},FALSE)} -> 46281 | R78: C01 | S78: 1000000295 BOLLINI S.A | T78: =VLOOKUP(P78,Hoja2!C:D,2,FALSE) -> AZAPANA
C79: 5000001609 | E79: WE | F79: 46263 | G79: 96 | H79: -9265 | I79: ARS | L79: BOLLINI S.A | M79: 46263 | N79: 4500137046 | O79: 30 | P79: =_xlfn.CONCAT(N79:O79) -> 450013704630 | Q79: {=VLOOKUP(P79,Hoja1!C:F,{2,3,4},FALSE)} -> 46281 | R79: C01 | S79: 1000000295 BOLLINI S.A | T79: =VLOOKUP(P79,Hoja2!C:D,2,FALSE) -> AZAPANA
C80: 5000001609 | E80: WE | F80: 46263 | G80: 96 | H80: -155295 | I80: ARS | L80: BOLLINI S.A | M80: 46263 | N80: 4500137046 | O80: 40 | P80: =_xlfn.CONCAT(N80:O80) -> 450013704640 | Q80: {=VLOOKUP(P80,Hoja1!C:F,{2,3,4},FALSE)} -> 46281 | R80: C01 | S80: 1000000295 BOLLINI S.A | T80: =VLOOKUP(P80,Hoja2!C:D,2,FALSE) -> AZAPANA
C81: 5000001609 | D81: 7000 | E81: WE | F81: 46263 | G81: 96 | H81: -79201.6 | I81: ARS | L81: BOLLINI S.A | M81: 46263 | N81: 4500137046 | O81: 60 | P81: =_xlfn.CONCAT(N81:O81) -> 450013704660 | Q81: {=VLOOKUP(P81,Hoja1!C:F,{2,3,4},FALSE)} -> 46280 | R81: C01 | S81: 1000000295 BOLLINI S.A | T81: =VLOOKUP(P81,Hoja2!C:D,2,FALSE) -> AZAPANA
C82: 5000001611 | E82: WE | F82: 46263 | G82: 96 | H82: -70383 | I82: ARS | L82: FLORES CARLOS FELIPE Y OTROS S H | M82: 46263 | N82: 4500136896 | O82: 60 | P82: =_xlfn.CONCAT(N82:O82) -> 450013689660 | Q82: {=VLOOKUP(P82,Hoja1!C:F,{2,3,4},FALSE)} -> 46281 | R82: C01 | S82: 1000007451 FLORES CARLOS FELIPE Y OTROS S H | T82: =VLOOKUP(P82,Hoja2!C:D,2,FALSE) -> AZAPANA
C83: 5000001625 | D83: 7000 | E83: WE | F83: 46262 | G83: 96 | H83: -91400 | I83: ARS | L83: PROAR IMAGEN PROMOCIONAL SRL | M83: 46267 | N83: 4500136625 | O83: 30 | P83: =_xlfn.CONCAT(N83:O83) -> 450013662530 | Q83: {=VLOOKUP(P83,Hoja1!C:F,{2,3,4},FALSE)} -> 46269 | R83: C28 | S83: 1000012043 PROAR IMAGEN PROMOCIONAL SRL | T83: =VLOOKUP(P83,Hoja2!C:D,2,FALSE) -> GJULIANI
C84: 5000001625 | D84: 7000 | E84: WE | F84: 46262 | G84: 96 | H84: -87360 | I84: ARS | L84: PROAR IMAGEN PROMOCIONAL SRL | M84: 46267 | N84: 4500136625 | O84: 40 | P84: =_xlfn.CONCAT(N84:O84) -> 450013662540 | Q84: {=VLOOKUP(P84,Hoja1!C:F,{2,3,4},FALSE)} -> 46269 | R84: C28 | S84: 1000012043 PROAR IMAGEN PROMOCIONAL SRL | T84: =VLOOKUP(P84,Hoja2!C:D,2,FALSE) -> GJULIANI
C85: 5000001649 | D85: 7000 | E85: WE | F85: 46270 | G85: 96 | H85: -29284.8 | I85: ARS | L85: HERSAPEL SOCIEDAD DE RESPONSABILIDA | M85: 46270 | N85: 4500136426 | O85: 30 | P85: =_xlfn.CONCAT(N85:O85) -> 450013642630 | Q85: {=VLOOKUP(P85,Hoja1!C:F,{2,3,4},FALSE)} -> 46276 | R85: C01 | S85: 1000007766 HERSAPEL SOCIEDAD DE RESPONSABILIDA | T85: =VLOOKUP(P85,Hoja2!C:D,2,FALSE) -> AZAPANA
C86: 5000001656 | D86: 7000 | E86: WE | F86: 46273 | G86: 96 | H86: -1314579.8 | I86: ARS | L86: TRANSPORTE TMS S. A. S. | M86: 46273 | N86: 4500137227 | O86: 10 | P86: =_xlfn.CONCAT(N86:O86) -> 450013722710 | Q86: {=VLOOKUP(P86,Hoja1!C:F,{2,3,4},FALSE)} -> 46325 | R86: C25 | S86: 1000012097 TRANSPORTE TMS S. A. S. | T86: =VLOOKUP(P86,Hoja2!C:D,2,FALSE) -> MPITTIA
C87: 5000001660 | D87: 7000 | E87: WE | F87: 46273 | G87: 96 | H87: -391820 | I87: ARS | L87: SALLAGO FEDERICO MIGUEL | M87: 46273 | N87: 4500137888 | O87: 20 | P87: =_xlfn.CONCAT(N87:O87) -> 450013788820 | Q87: {=VLOOKUP(P87,Hoja1!C:F,{2,3,4},FALSE)} -> 46283 | R87: C01 | S87: 1000011519 SALLAGO FEDERICO MIGUEL | T87: =VLOOKUP(P87,Hoja2!C:D,2,FALSE) -> AZAPANA
C88: 5000001662 | D88: 7000 | E88: WE | F88: 46273 | G88: 96 | H88: -1180609.9 | I88: ARS | L88: TRANSPORTE TMS S. A. S. | M88: 46273 | N88: 4500137227 | O88: 10 | P88: =_xlfn.CONCAT(N88:O88) -> 450013722710 | Q88: {=VLOOKUP(P88,Hoja1!C:F,{2,3,4},FALSE)} -> 46325 | R88: C25 | S88: 1000012097 TRANSPORTE TMS S. A. S. | T88: =VLOOKUP(P88,Hoja2!C:D,2,FALSE) -> MPITTIA
C89: 5000001682 | E89: WE | F89: 46272 | G89: 96 | H89: -210616.77 | I89: ARS | L89: ESCANDINAVIA DEL PLATA SA | M89: 46276 | N89: 4500137146 | O89: 10 | P89: =_xlfn.CONCAT(N89:O89) -> 450013714610 | Q89: {=VLOOKUP(P89,Hoja1!C:F,{2,3,4},FALSE)} -> 46280 | R89: F06 | S89: 1000000561 ESCANDINAVIA DEL PLATA SA | T89: =VLOOKUP(P89,Hoja2!C:D,2,FALSE) -> RPEREZ
C90: 5000001691 | E90: WE | F90: 46279 | G90: 96 | H90: -122280.8 | I90: ARS | L90: GO CLEAN S.A.S. | M90: 46279 | N90: 4500138339 | O90: 30 | P90: =_xlfn.CONCAT(N90:O90) -> 450013833930 | Q90: {=VLOOKUP(P90,Hoja1!C:F,{2,3,4},FALSE)} -> 46286 | R90: C01 | S90: 1000012333 GO CLEAN S.A.S. | T90: =VLOOKUP(P90,Hoja2!C:D,2,FALSE) -> AZAPANA
C91: 5000001723 | E91: WE | F91: 46287 | G91: 96 | H91: -122280.8 | I91: ARS | L91: GO CLEAN S.A.S. | M91: 46287 | N91: 4500139151 | O91: 10 | P91: =_xlfn.CONCAT(N91:O91) -> 450013915110 | Q91: {=VLOOKUP(P91,Hoja1!C:F,{2,3,4},FALSE)} -> 46293 | R91: C01 | S91: 1000012333 GO CLEAN S.A.S. | T91: =VLOOKUP(P91,Hoja2!C:D,2,FALSE) -> AZAPANA
C92: 5000001724 | E92: WE | F92: 46287 | G92: 96 | H92: -429752.8 | I92: ARS | L92: ARZE MIGUEL ANGEL | M92: 46287 | N92: 4500138976 | O92: 20 | P92: =_xlfn.CONCAT(N92:O92) -> 450013897620 | Q92: {=VLOOKUP(P92,Hoja1!C:F,{2,3,4},FALSE)} -> 46293 | R92: C01 | S92: 1000010215 ARZE MIGUEL ANGEL | T92: =VLOOKUP(P92,Hoja2!C:D,2,FALSE) -> AZAPANA
C93: 5000001735 | E93: WE | F93: 46289 | G93: 96 | H93: -157407.61 | I93: ARS | L93: IGARRETA MAQUINAS S.A. | M93: 46289 | N93: 4500139164 | O93: 10 | P93: =_xlfn.CONCAT(N93:O93) -> 450013916410 | Q93: {=VLOOKUP(P93,Hoja1!C:F,{2,3,4},FALSE)} -> 46298 | R93: F03 | S93: 1000000012 IGARRETA MAQUINAS S.A. | T93: =VLOOKUP(P93,Hoja2!C:D,2,FALSE) -> RPEREZ
C94: 5000001735 | E94: WE | F94: 46289 | G94: 96 | H94: -142201.92 | I94: ARS | L94: IGARRETA MAQUINAS S.A. | M94: 46289 | N94: 4500139164 | O94: 20 | P94: =_xlfn.CONCAT(N94:O94) -> 450013916420 | Q94: {=VLOOKUP(P94,Hoja1!C:F,{2,3,4},FALSE)} -> 46298 | R94: F03 | S94: 1000000012 IGARRETA MAQUINAS S.A. | T94: =VLOOKUP(P94,Hoja2!C:D,2,FALSE) -> RPEREZ
C95: 5000001736 | E95: WE | F95: 46289 | G95: 96 | H95: -139429.44 | I95: ARS | L95: FLORES CARLOS FELIPE Y OTROS S H | M95: 46289 | N95: 4500139302 | O95: 20 | P95: =_xlfn.CONCAT(N95:O95) -> 450013930220 | Q95: {=VLOOKUP(P95,Hoja1!C:F,{2,3,4},FALSE)} -> 46295 | R95: C01 | S95: 1000007451 FLORES CARLOS FELIPE Y OTROS S H | T95: =VLOOKUP(P95,Hoja2!C:D,2,FALSE) -> AZAPANA
C96: 5000001736 | D96: 7000 | E96: WE | F96: 46289 | G96: 96 | H96: -158904.7 | I96: ARS | L96: FLORES CARLOS FELIPE Y OTROS S H | M96: 46289 | N96: 4500139302 | O96: 100 | P96: =_xlfn.CONCAT(N96:O96) -> 4500139302100 | Q96: {=VLOOKUP(P96,Hoja1!C:F,{2,3,4},FALSE)} -> 46307 | R96: C01 | S96: 1000007451 FLORES CARLOS FELIPE Y OTROS S H | T96: =VLOOKUP(P96,Hoja2!C:D,2,FALSE) -> AZAPANA
C97: 5000001736 | E97: WE | F97: 46289 | G97: 96 | H97: -100176 | I97: ARS | L97: FLORES CARLOS FELIPE Y OTROS S H | M97: 46289 | N97: 4500139302 | O97: 110 | P97: =_xlfn.CONCAT(N97:O97) -> 4500139302110 | Q97: {=VLOOKUP(P97,Hoja1!C:F,{2,3,4},FALSE)} -> 46304 | R97: C01 | S97: 1000007451 FLORES CARLOS FELIPE Y OTROS S H | T97: =VLOOKUP(P97,Hoja2!C:D,2,FALSE) -> AZAPANA
C98: 5000001736 | E98: WE | F98: 46289 | G98: 96 | H98: -129076 | I98: ARS | L98: FLORES CARLOS FELIPE Y OTROS S H | M98: 46289 | N98: 4500139302 | O98: 120 | P98: =_xlfn.CONCAT(N98:O98) -> 4500139302120 | Q98: {=VLOOKUP(P98,Hoja1!C:F,{2,3,4},FALSE)} -> 46304 | R98: C01 | S98: 1000007451 FLORES CARLOS FELIPE Y OTROS S H | T98: =VLOOKUP(P98,Hoja2!C:D,2,FALSE) -> AZAPANA
C99: 5000001739 | E99: WE | F99: 46289 | G99: 96 | H99: -9840 | I99: ARS | L99: BOLLINI S.A | M99: 46289 | N99: 4500139285 | O99: 10 | P99: =_xlfn.CONCAT(N99:O99) -> 450013928510 | Q99: {=VLOOKUP(P99,Hoja1!C:F,{2,3,4},FALSE)} -> 46293 | R99: C01 | S99: 1000000295 BOLLINI S.A | T99: =VLOOKUP(P99,Hoja2!C:D,2,FALSE) -> AZAPANA
C100: 5000001739 | D100: 7000 | E100: WE | F100: 46289 | G100: 96 | H100: -40000 | I100: ARS | L100: BOLLINI S.A | M100: 46289 | N100: 4500139285 | O100: 70 | P100: =_xlfn.CONCAT(N100:O100) -> 450013928570 | Q100: {=VLOOKUP(P100,Hoja1!C:F,{2,3,4},FALSE)} -> 46290 | R100: C01 | S100: 1000000295 BOLLINI S.A | T100: =VLOOKUP(P100,Hoja2!C:D,2,FALSE) -> AZAPANA
...

Sheet Hoja2
A1: NRO. OC | B1: POS. OC | D1: OPERADOR OC
A2: 4500109514 | B2: 10 | C2: =_xlfn.CONCAT(A2:B2) -> 450010951410 | D2: MMOHR
A3: 4500109841 | B3: 10 | C3: =_xlfn.CONCAT(A3:B3) -> 450010984110 | D3: JESPARZA
A4: 4500109841 | B4: 20 | C4: =_xlfn.CONCAT(A4:B4) -> 450010984120 | D4: JESPARZA
A5: 4500109841 | B5: 30 | C5: =_xlfn.CONCAT(A5:B5) -> 450010984130 | D5: JESPARZA
A6: 4500110226 | B6: 20 | C6: =_xlfn.CONCAT(A6:B6) -> 450011022620 | D6: EFUNES
A7: 4500109709 | B7: 10 | C7: =_xlfn.CONCAT(A7:B7) -> 450010970910 | D7: MPITTIA
A8: 4500112079 | B8: 30 | C8: =_xlfn.CONCAT(A8:B8) -> 450011207930 | D8: GJULIANI
A9: 4500112079 | B9: 20 | C9: =_xlfn.CONCAT(A9:B9) -> 450011207920 | D9: GJULIANI
A10: 4500113920 | B10: 10 | C10: =_xlfn.CONCAT(A10:B10) -> 450011392010 | D10: MPITTIA
A11: 4500113800 | B11: 10 | C11: =_xlfn.CONCAT(A11:B11) -> 450011380010 | D11: MMOHR
A12: 4500113800 | B12: 20 | C12: =_xlfn.CONCAT(A12:B12) -> 450011380020 | D12: MMOHR
A13: 4500113800 | B13: 30 | C13: =_xlfn.CONCAT(A13:B13) -> 450011380030 | D13: MMOHR
... A460: 4500141005 | B460: 10 | C460: =_xlfn.CONCAT(A460:B460) -> 450014100510 | D460: AZAPANA

Sheet Hoja1
A1: Documento compras | B1: Posición | D1: Fecha de entrega | E1: Grupo de compras | F1: Proveedor/Centro suministrador
A2: 4500114168 | B2: 30 | C2: =_xlfn.CONCAT(A2:B2) -> 450011416830 | D2: 46387 | E2: C15 | F2: 1000000069 V.MASSON TRAP.CRUZ DEL SUR SA
A3: 4500120184 | B3: 10 | C3: =_xlfn.CONCAT(A3:B3) -> 450012018410 | D3: 46321 | E3: C15 | F3: 1000000104 TRANSPORTES LA SEVILLANITA SRL
A4: 4500114168 | B4: 40 | C4: =_xlfn.CONCAT(A4:B4) -> 450011416840 | D4: 46387 | E4: C15 | F4: 1000000069 V.MASSON TRAP.CRUZ DEL SUR SA
A5: 4500139298 | B5: 10 | C5: =_xlfn.CONCAT(A5:B5) -> 450013929810 | D5: 46325 | E5: C25 | F5: 1000012097 TRANSPORTE TMS S. A. S.
A6: 4500109709 | B6: 10 | C6: =_xlfn.CONCAT(A6:B6) -> 450010970910 | D6: 46308 | E6: C25 | F6: 1000007510 LABTEC S. R. L.
A7: 4500134256 | B7: 10 | C7: =_xlfn.CONCAT(A7:B7) -> 450013425610 | D7: 46322 | E7: C01 | F7: 1000008967 JACARANDA S.A.
A8: 4500113920 | B8: 10 | C8: =_xlfn.CONCAT(A8:B8) -> 450011392010 | D8: 46325 | E8: C25 | F8: 1000012293 ZAMBRANA SAMUEL
A9: 4500134824 | B9: 10 | C9: =_xlfn.CONCAT(A9:B9) -> 450013482410 | D9: 46325 | E9: C25 | F9: 1000012132 PRODUCTOS SERVICIOS Y DISTRIBUCIONE
A10: 4500114743 | B10: 390 | C10: =_xlfn.CONCAT(A10:B10) -> 4500114743390 | D10: 46301 | E10: CGT | F10: 1000001583 HELING S.A.
A11: 4500128533 | B11: 20 | C11: =_xlfn.CONCAT(A11:B11) -> 450012853320 | D11: 46326 | E11: C25 | F11: 1000012132 PRODUCTOS SERVICIOS Y DISTRIBUCIONE
A12: 4500139298 | B12: 20 | C12: =_xlfn.CONCAT(A12:B12) -> 450013929820 | D12: 46325 | E12: C25 | F12: 1000012097 TRANSPORTE TMS S. A. S.
A13: 4500137422 | B13: 40 | C13: =_xlfn.CONCAT(A13:B13) -> 450013742240 | D13: 46328 | E13: C24 | F13: 1000012877 RASGIDO GASTON ANDRES
... A460: 4500141064 | B460: 10 | C460: =_xlfn.CONCAT(A460:B460) -> 450014106410 | D460: 46310 | E460: C01 | F460: 1000000566 AUTOLUX SA
